id,title,score,num_comments,author,created_utc,url,over_18,edited,spoiler,stickied
1ht5swe,hot take: most analytics projects fail bc they start w/ solutions not problems,183,47,Signal-Indication859,2025-01-04 03:57:31,https://www.reddit.com/r/dataengineering/comments/1ht5swe/hot_take_most_analytics_projects_fail_bc_they/,False,False,False,False
1ht8832,I made it! Finally titled properly!,43,3,siddartha08,2025-01-04 06:18:44,https://www.reddit.com/r/dataengineering/comments/1ht8832/i_made_it_finally_titled_properly/,False,False,False,False
1htdvcl,How/where do I find experts to talk to about data engineering challenges my company is facing?,23,21,udbhav,2025-01-04 12:59:17,https://www.reddit.com/r/dataengineering/comments/1htdvcl/howwhere_do_i_find_experts_to_talk_to_about_data/,False,False,False,False
1ht5vo2,What is a cost cutting method that surprised you when in use?,23,24,accountForCareer,2025-01-04 04:01:37,https://www.reddit.com/r/dataengineering/comments/1ht5vo2/what_is_a_cost_cutting_method_that_surprised_you/,False,False,False,False
1hsv0v9,How to market yourself and standout as a Jr Data Engineer?,17,21,Murky-Principle6255,2025-01-03 19:40:14,https://www.reddit.com/r/dataengineering/comments/1hsv0v9/how_to_market_yourself_and_standout_as_a_jr_data/,False,False,False,False
1htjbdp,First time extracting data from an API,11,8,khaili109,2025-01-04 17:23:50,https://www.reddit.com/r/dataengineering/comments/1htjbdp/first_time_extracting_data_from_an_api/,False,False,False,False
1hsu786,Worth it to do AWS Certified Data Engineer?,7,6,Ok_Potential_8521,2025-01-03 19:06:10,https://www.reddit.com/r/dataengineering/comments/1hsu786/worth_it_to_do_aws_certified_data_engineer/,False,False,False,False
1hsytve,Trino query plan analysis focus areas & interest,6,0,lester-martin,2025-01-03 22:21:42,https://www.reddit.com/r/dataengineering/comments/1hsytve/trino_query_plan_analysis_focus_areas_interest/,False,False,False,False
1ht4p2e,"Date engineers, do you ofter give presentations in your job settings? ",6,8,Over-Reply6185,2025-01-04 02:58:23,https://www.reddit.com/r/dataengineering/comments/1ht4p2e/date_engineers_do_you_ofter_give_presentations_in/,False,False,False,False
1hszvc3,Data Engineering Design.,5,9,rockingpj,2025-01-03 23:07:24,https://www.reddit.com/r/dataengineering/comments/1hszvc3/data_engineering_design/,False,False,False,False
1htcxy3,sqlmesh open source for production pipelines in enterprise,3,0,Substantial_Lynx1344,2025-01-04 11:58:59,https://www.reddit.com/r/dataengineering/comments/1htcxy3/sqlmesh_open_source_for_production_pipelines_in/,False,False,False,False
1hthxt7,"50+ Incredible Big Data Statistics for 2025: Facts, Market Size & Industry Growth",2,0,Veerans,2025-01-04 16:23:39,https://bigdataanalyticsnews.com/big-data-statistics/,False,False,False,False
1htjkds,In confusion regarding career in data engg.,0,0,Safe_Tax127,2025-01-04 17:34:57,https://www.reddit.com/r/dataengineering/comments/1htjkds/in_confusion_regarding_career_in_data_engg/,False,False,False,False
1htjj0b,Letâ€™s talk about challenges you have faced,1,1,adatascientistSl,2025-01-04 17:33:16,https://www.reddit.com/r/dataengineering/comments/1htjj0b/lets_talk_about_challenges_you_have_faced/,False,False,False,False
1hthyew,Recommendations for Intermediate-Level Courses on Data Engineering (Spark and Hadoop),1,1,Loud_Exchange1660,2025-01-04 16:24:23,https://www.reddit.com/r/dataengineering/comments/1hthyew/recommendations_for_intermediatelevel_courses_on/,False,False,False,False
1hteopp,Which sector is better? ,2,10,sweetestAlpha98,2025-01-04 13:46:26,https://www.reddit.com/r/dataengineering/comments/1hteopp/which_sector_is_better/,False,False,False,False
1hta1ms,Realistic and Challenging Practice Queries for SQL Server,1,2,AnalogKid-82,2025-01-04 08:26:42,https://www.reddit.com/r/dataengineering/comments/1hta1ms/realistic_and_challenging_practice_queries_for/,False,False,False,False
1hsv5n3,How to Retrieve Data from AWS SageMaker Feature Store using PySpark?,1,0,mike_get_lean,2025-01-03 19:45:41,https://www.reddit.com/r/dataengineering/comments/1hsv5n3/how_to_retrieve_data_from_aws_sagemaker_feature/,False,False,False,False
1htetyb,What is the right way to ask for a referral ,0,3,NefariousnessSea5101,2025-01-04 13:54:19,https://www.reddit.com/r/dataengineering/comments/1htetyb/what_is_the_right_way_to_ask_for_a_referral/,False,False,False,False
1ht6kc8,Do I apply for junior DE roles if I wasn't officially a DE?,1,5,programaticallycat5e,2025-01-04 04:40:09,https://www.reddit.com/r/dataengineering/comments/1ht6kc8/do_i_apply_for_junior_de_roles_if_i_wasnt/,False,False,False,False
1hswlo6,Advice for starting a data platform in the cloud,0,4,Arcanidus,2025-01-03 20:47:27,https://www.reddit.com/r/dataengineering/comments/1hswlo6/advice_for_starting_a_data_platform_in_the_cloud/,False,False,False,False
